抓取日期,資料日期,新增病例,本土個案,校正回歸,境外移入,死亡,新聞稿第一段,新聞稿網址
2021-01-01,2021-01-01,3,0,0,3,0,發佈日期：2021-01-01 中央流行疫情指揮中心今(1)日公布國內新增3例境外移入COVID-19確定病例，分別自印尼及美國入境。
2021-01-02,2021-01-02,6,0,0,6,0,發佈日期：2021-01-02 中央流行疫情指揮中心今(2)日公布國內新增6例境外移入COVID-19確定病例，分別為美國2例、菲律賓2例、英國及印尼各1例。
2021-01-03,2021-01-03,4,0,0,4,0,發佈日期：2021-01-03 中央流行疫情指揮中心今(3)日公布國內新增4例境外移入COVID-19確定病例，分別自英國(案810)、德國(案811)、美國(案812)及史瓦帝尼(案813)入境。
2021-01-04,2021-01-04,3,0,0,3,0,發佈日期：2021-01-04 中央流行疫情指揮中心今(4)日公布國內新增3例境外移入COVID-19確定病例，分別自菲律賓(案814)、多明尼加(案815)及法國(案816)入境。
2021-01-05,2021-01-05,2,0,0,2,0,發佈日期：2021-01-05 中央流行疫情指揮中心今(5)日公布國內新增2例境外移入COVID-19確定病例(案817、818)，均自美國入境。
2021-01-06,2021-01-06,2,0,0,2,0,發佈日期：2021-01-06 中央流行疫情指揮中心今(6)日公布國內新增2例境外移入COVID-19確定病例，分別印尼及菲律賓入境。
2021-01-07,2021-01-07,3,0,0,3,0,發佈日期：2021-01-07 中央流行疫情指揮中心今(7)日公布國內新增3例境外移入COVID-19確定病例，分別自美國(案821)、菲律賓(案822)及印尼(案823)入境。
2021-01-08,2021-01-08,3,0,0,3,0,發佈日期：2021-01-08 中央流行疫情指揮中心今(8)日公布國內新增3例境外移入COVID-19確定病例，分別自奈及利亞(案824)、埃及(案825)及美國(案826)入境。
2021-01-09,2021-01-09,3,0,0,3,0,發佈日期：2021-01-09 中央流行疫情指揮中心今(9)日公布國內新增3例境外移入COVID-19確定病例，分別自印尼(案827)及菲律賓(案828、案829)入境。
2021-01-10,,0,0,0,0,0,
2021-01-11,2021-01-11,6,0,0,6,0,發佈日期：2021-01-11 中央流行疫情指揮中心今(11)日公布國內新增6例境外移入COVID-19確定病例，分別自埃及(案830、案831、案832)、菲律賓(案833)、印尼(案834)及美國(案835)入境。
2021-01-12,2021-01-12,4,2,0,2,0,發佈日期：2021-01-12 中央流行疫情指揮中心今(12)日公布國內新增2例本土COVID-19確定病例，分別為本國籍30多歲男性(案838)及本國籍20多歲女性(案839)。發佈日期：2021-01-12 中央流行疫情指揮中心今(12)日公布國內新增2例境外移入COVID-19確定病例，分別自美國(案836)及英國(837)入境。
2021-01-13,2021-01-13,4,0,0,4,0,發佈日期：2021-01-13 中央流行疫情指揮中心今(13)日公布國內新增4例境外移入COVID-19確定病例，分別自印度(1例)、印尼(3例)入境。
2021-01-14,,0,0,0,0,0,
2021-01-15,,0,0,0,0,0,
2021-01-16,2021-01-16,8,1,0,7,0,發佈日期：2021-01-16 中央流行疫情指揮中心今(16)日公布國內新增1例本土COVID-19確定病例，為本國籍20多歲女性(案852)。發佈日期：2021-01-16 中央流行疫情指揮中心今(16)日公布國內新增7例境外移入COVID-19確定病例，分別自菲律賓、印尼、美國、俄羅斯及南非入境。
2021-01-17,2021-01-17,1,1,0,0,0,發佈日期：2021-01-17 中央流行疫情指揮中心今(17)日公布國內新增1例本土COVID-19確定病例(案856)，為本國籍30多歲男性，與案838為同一醫院之醫師，1月10日工作時曾與案838接觸，1月11日採檢結果為陰性，因應案852確診，衛生單位於昨(16)日陸續針對案838、839匡列之265名醫院人員進行二採，其中案856檢出陽性於今日確診；另其餘264人中，224人檢驗陰性，其餘待採檢。
2021-01-18,2021-01-18,7,1,0,6,0,發佈日期：2021-01-18 中央流行疫情指揮中心今(18)日公布國內新增1例本土COVID-19確定病例(案863)，為案838等人之同醫院護理師，1月12日曾接受採檢結果為陰性，1月14日、15日陸續出現鼻塞及咳嗽症狀，因匡列為案856接觸者，於昨(17)日再次採檢並於今日確診。發佈日期：2021-01-18 中央流行疫情指揮中心今(18)日公布國內新增6例境外移入COVID-19確定病例，分別自美國、英國、菲律賓及緬甸入境。
2021-01-19,2021-01-19,6,4,0,2,0,發佈日期：2021-01-19 中央流行疫情指揮中心今(19)日公布國內新增4例本土COVID-19確定病例，均為醫院感染事件之確診個案接觸者，其中2例為案863之同住家人(案864、865)及1例為工作接觸者(案868)，1例為住院病患之外籍看護(案869)。發佈日期：2021-01-19 中央流行疫情指揮中心今(19)日公布國內新增2例境外移入COVID-19確定病例，分別自美國及印尼入境。
2021-01-20,2021-01-20,1,0,0,1,0,發佈日期：2021-01-20 中央流行疫情指揮中心今(20)日公布國內新增1例境外移入COVID-19確定病例(案871)，為本國籍20多歲女性，前(2019)年12月前往西班牙訪友，今(2021)年1月8日返臺，持有搭機前3日內檢驗陰性報告，入境後至住處居家檢疫。
2021-01-21,2021-01-21,2,0,0,2,0,發佈日期：2021-01-21 中央流行疫情指揮中心今(21)日公布國內新增2例境外移入COVID-19確定病例(案872、873)，均自菲律賓入境。
2021-01-22,2021-01-22,8,2,0,6,0,發佈日期：2021-01-22 中央流行疫情指揮中心今(22)日公布國內新增2例本土COVID-19確定病例，其中1人為案852曾照護之住院病患(案881)，1人為該病患之同住家人(案882)。發佈日期：2021-01-22 中央流行疫情指揮中心今(22)日公布國內新增6例境外移入COVID-19確定病例，分別自喀麥隆、印尼及菲律賓入境。
2021-01-23,2021-01-23,3,1,0,2,0,發佈日期：2021-01-23 中央流行疫情指揮中心今(23)日公布國內新增1例本土COVID-19確定病例，為案881之同住家人(案885)。發佈日期：2021-01-23 中央流行疫情指揮中心今(23)日公布國內新增2例境外移入COVID-19確定病例，分別自英國及美國入境。
2021-01-24,2021-01-24,5,2,0,3,0,發佈日期：2021-01-24 中央流行疫情指揮中心今(24)日公布國內新增2例本土COVID-19確定病例，1人為該院出院病患(案889)，另1人為該案889之同住家人(案890)。發佈日期：2021-01-24 中央流行疫情指揮中心今(24)日公布國內新增3例境外移入COVID-19確定病例，分別自南非(案886)、美國(案887、888)入境。
2021-01-25,,0,0,0,0,0,
2021-01-26,2021-01-26,1,0,0,1,0,發佈日期：2021-01-26 中央流行疫情指揮中心今(26)日公布，國內新增1例境外移入COVID-19確定病例(案891)，為本國籍40多歲男性，自墨西哥返國。
2021-01-27,2021-01-27,3,0,0,3,0,發佈日期：2021-01-27 中央流行疫情指揮中心今(27)日公布國內新增3例境外移入COVID-19確定病例(案892至894)，分別自菲律賓、緬甸及美國入境。
2021-01-28,2021-01-28,2,0,0,2,0,發佈日期：2021-01-28 中央流行疫情指揮中心今(28)日公布國內新增2例境外移入COVID-19確定病例(案895、896)，分別自美國及德國入境。
2021-01-29,2021-01-29,4,0,0,4,0,發佈日期：2021-01-29 中央流行疫情指揮中心今(29)日公布國內新增4例境外移入COVID-19確定病例，分別自菲律賓(案897至899)及南非(案900)入境。
2021-01-30,2021-01-30,4,4,0,0,0,發佈日期：2021-01-30 中央流行疫情指揮中心今(30)日公布國內新增4例本土COVID-19確定病例，均為醫院感染事件之確診個案相關接觸者，其中3例為案863之同住家人(案907、909、910)，研判與案863、864、865為一起家庭群聚案；另1例為案889之就醫相關接觸者(案908)。
2021-01-31,2021-01-31,2,0,0,2,0,發佈日期：2021-01-31 中央流行疫情指揮中心今(31)日公布國內新增2例境外移入COVID-19確定病例(案911、912)，均自菲律賓入境。
2021-02-01,2021-02-01,1,0,0,1,0,發佈日期：2021-02-01 中央流行疫情指揮中心今(1)日公布國內新增1例境外移入COVID-19確定病例(案913)，自日本入境。
2021-02-02,2021-02-02,3,0,0,3,0,發佈日期：2021-02-02 中央流行疫情指揮中心今(2)日公布國內新增3例境外移入COVID-19確定病例(案914至916)，分別自美國、日本及菲律賓入境。
2021-02-03,2021-02-03,2,0,0,2,0,發佈日期：2021-02-03 中央流行疫情指揮中心今(3)日公布國內新增2例境外移入COVID-19確定病例(案917、918)，皆自印尼入境。
2021-02-04,2021-02-04,2,0,0,2,0,發佈日期：2021-02-04 中央流行疫情指揮中心今(4)日公布國內新增2例境外移入COVID-19確定病例(案919、920)，分別自印尼及美國入境；另新增1例確定病例死亡(案799)。
2021-02-05,2021-02-05,4,1,0,3,0,發佈日期：2021-02-05 中央流行疫情指揮中心今(5)日公布國內新增1例本土COVID-19確定病例(案924)，為案839及案870之家人。發佈日期：2021-02-05 中央流行疫情指揮中心今(5)日公布國內新增3例境外移入COVID-19確定病例(案921至923)，分別自荷蘭、美國及阿拉伯聯合大公國(杜拜)入境。
2021-02-06,2021-02-06,1,0,0,1,0,發佈日期：2021-02-06 中央流行疫情指揮中心今(6)日公布國內新增1例境外移入COVID-19確定病例(案925)，自美國入境。
2021-02-07,2021-02-07,3,0,0,3,0,發佈日期：2021-02-07 中央流行疫情指揮中心今(7)日公布國內新增3例境外移入COVID-19確定病例(案926至928)，分別自印尼、迦納及美國入境。
2021-02-08,2021-02-08,1,0,0,1,0,發佈日期：2021-02-08 中央流行疫情指揮中心今(8)日公布國內新增1例境外移入COVID-19確定病例(案929)，為本國籍20多歲女性，去(2020)年2月至英國工作，曾接觸確診個案，12月20日起陸續出現發燒、腹瀉及嗅覺異常症狀，12月23日於英國當地檢驗確診COVID-19，並於今(2021)年1月3日及11日再次採檢，結果皆為陰性。
2021-02-09,2021-02-09,5,1,0,4,0,發佈日期：2021-02-09 中央流行疫情指揮中心今(9)日公布國內新增1例本土COVID-19確定病例(案934)，為案863、864、865、907、909及910之家人。發佈日期：2021-02-09 中央流行疫情指揮中心今(9)日公布國內新增4例境外移入COVID-19確定病例(案930至933)，分別自美國及法國入境。
2021-02-10,2021-02-10,2,0,0,2,0,發佈日期：2021-02-10 中央流行疫情指揮中心今(10)日公布國內新增2例境外移入COVID-19確定病例(案935及936)，分別自緬甸及印尼入境。
2021-02-11,2021-02-11,1,0,0,1,0,發佈日期：2021-02-11 中央流行疫情指揮中心今(11)日公布國內新增1例境外移入COVID-19確定病例(案937)，為本國籍20多歲男性，自法國入境。
2021-02-12,2021-02-12,1,0,0,1,0,發佈日期：2021-02-12 中央流行疫情指揮中心今(12)日公布國內新增1例境外移入COVID-19確定病例(案938)，為美國籍50多歲男性，自美國入境。
2021-02-13,,0,0,0,0,0,
2021-02-14,,0,0,0,0,0,
2021-02-15,,0,0,0,0,0,
2021-02-16,,0,0,0,0,0,
2021-02-17,2021-02-17,1,0,0,1,0,發佈日期：2021-02-17 中央流行疫情指揮中心今(17)日公布國內新增1例境外移入COVID-19確定病例(案939)，為本國籍50多歲女性，長期居住美國(2019年6月自臺灣出境)，去(2020)年10月17日曾出現喉嚨不適情形，10月21日在美國當地檢出COVID-19陽性後，於美國家中自主隔離，11月14日及18日兩次檢驗結果皆為陰性。
2021-02-18,2021-02-18,2,0,0,2,0,發佈日期：2021-02-18 中央流行疫情指揮中心今(18)日公布國內新增2例境外移入COVID-19確定病例(案940、941)，分別自菲律賓及馬來西亞入境。
2021-02-19,2021-02-19,1,0,0,1,0,發佈日期：2021-02-19 中央流行疫情指揮中心今(19)日公布國內新增1例境外移入COVID-19確定病例(案942)，為印尼籍20多歲男性漁工，今(2021)年2月4日來臺工作，持有搭機前3日內檢驗陰性報告，入境後至集中檢疫所檢疫，並無症狀。
2021-02-20,2021-02-20,1,0,0,1,0,發佈日期：2021-02-20 中央流行疫情指揮中心今(20)日公布國內新增1例境外移入COVID-19確定病例(案943)，為菲律賓籍20多歲男性，今(2021)年2月3日來臺工作，持有搭機前3日內檢驗陰性報告，入境後至防疫旅館檢疫，並無症狀。
2021-02-21,,0,0,0,0,0,
2021-02-22,,0,0,0,0,0,
2021-02-23,,0,0,0,0,0,
2021-02-24,2021-02-24,4,0,0,4,0,發佈日期：2021-02-24 中央流行疫情指揮中心今(24)日公布國內新增4例境外移入COVID-19確定病例(案944至947)，分別自美國(3例)及馬來西亞(1例)入境。
2021-02-25,2021-02-25,5,0,0,5,0,發佈日期：2021-02-25 中央流行疫情指揮中心今(25)日公布國內新增5例境外移入COVID-19確定病例(案948至952)，均為菲律賓籍女性移工，年齡介於20多歲至30多歲，今(2021)年2月3日搭乘同班機來臺工作，皆持有搭機前3日內檢驗陰性報告，入境時無症狀，並至集中檢疫所檢疫。
2021-02-26,,0,0,0,0,0,
2021-02-27,2021-02-27,3,0,0,3,0,發佈日期：2021-02-27 中央流行疫情指揮中心今(27)日公布國內新增3例境外移入COVID-19確定病例，分別自英國(案953)、越南(案954)及菲律賓(案955)入境。
2021-02-28,2021-02-28,1,0,0,1,0,發佈日期：2021-02-28 中央流行疫情指揮中心今(28)日公布國內新增1例境外移入COVID-19確定病例，為本國籍20多歲男性(案956)，去(2020)年9月至波蘭就學，今(2021)年1月28日返臺，持有搭機前3日內檢驗陰性報告，入境後獨自於親戚家檢疫，檢疫期間皆無症狀。
2021-03-01,,0,0,0,0,0,
2021-03-02,,0,0,0,0,0,
2021-03-03,2021-03-03,3,0,0,3,0,發佈日期：2021-03-03 中央流行疫情指揮中心今(3)日公布國內新增3例境外移入COVID-19確定病例(案957至959)，分別自加拿大、美國及波蘭入境。
2021-03-04,2021-03-04,2,0,0,2,0,發佈日期：2021-03-04 中央流行疫情指揮中心今(4)日公布國內新增2例境外移入COVID-19確定病例(案960、961)，分別自奈及利亞及菲律賓入境。
2021-03-05,,0,0,0,0,0,
2021-03-06,2021-03-06,7,0,0,7,0,發佈日期：2021-03-06 中央流行疫情指揮中心今(6)日公布國內新增7例境外移入COVID-19確定病例，分別自印尼及菲律賓入境；另新增1例確定病例死亡(案935)。
2021-03-07,2021-03-07,2,0,0,2,0,發佈日期：2021-03-07 中央流行疫情指揮中心今(7)日公布國內新增2例境外移入COVID-19確定病例，分別自印度、菲律賓入境。
2021-03-08,2021-03-08,7,0,0,7,0,發佈日期：2021-03-08 中央流行疫情指揮中心今(8)日公布國內新增7例境外移入COVID-19確定病例(案971至案977)，分別自巴拉圭、英國、菲律賓及印尼入境。
2021-03-09,2021-03-09,1,0,0,1,0,發佈日期：2021-03-09 中央流行疫情指揮中心今(9)日公布國內新增1例境外移入COVID-19確定病例(案978)，為本國籍30多歲女性，2019年5月至宏都拉斯工作，今(2021)年1月即有鼻塞症狀，1月6日於當地確診COVID-19後，於住處隔離至2月19日，期間曾分別於1月16日、1月18日、2月8日及2月17日進行採檢，結果皆為陰性。
2021-03-10,2021-03-10,1,0,0,1,0,發佈日期：2021-03-10 中央流行疫情指揮中心今(10)日公布國內新增1例境外移入COVID-19確定病例(案979)，為菲律賓籍20多歲男性移工，今(2021)年2月28日來臺工作，持有搭機前3日內檢驗陰性報告，入境時無不適症狀。
2021-03-11,,0,0,0,0,0,
2021-03-12,2021-03-12,6,0,0,6,0,發佈日期：2021-03-12 中央流行疫情指揮中心今(12)日公布國內新增6例境外移入COVID-19確定病例，分別自美國(案980)、菲律賓(案981、984、985)、法國(案982)及英國(案983)入境。
2021-03-13,,0,0,0,0,0,
2021-03-14,2021-03-14,1,0,0,1,0,發佈日期：2021-03-14 中央流行疫情指揮中心今(14)日公布國內新增1例境外移入COVID-19確定病例(案986)，為南非籍20多歲女性，於今(2021)年2月19日來臺工作，持有搭機前3日內檢驗陰性報告，入境後至集中檢疫所檢疫，經2月20日入境採檢及3月4日檢疫期滿前採檢，結果皆為陰性。
2021-03-15,2021-03-15,5,0,0,5,0,發佈日期：2021-03-15 中央流行疫情指揮中心今(15)日公布國內新增5例境外移入COVID-19確定病例，分別自菲律賓(案987、989、990、991)及法國(案988)入境。
2021-03-16,,0,0,0,0,0,
2021-03-17,,0,0,0,0,0,
2021-03-18,2021-03-18,8,0,0,8,0,發佈日期：2021-03-18 中央流行疫情指揮中心今(18)日公布國內新增8例境外移入COVID-19確定病例，分別自阿曼(案992)、菲律賓(案993、994、995)、埃及(案996、997)與越南(案998、999)入境。
2021-03-19,2021-03-19,6,0,0,6,0,發佈日期：2021-03-19 中央流行疫情指揮中心今(19)日公布國內新增6例境外移入COVID-19確定病例，分別自菲律賓(案1000、1001、1002)、美國(案1003)、巴拉圭(案1004)及印尼(案1005)入境。
2021-03-20,2021-03-20,1,0,0,1,0,發佈日期：2021-03-20 中央流行疫情指揮中心今(20)日公布國內新增1例境外移入COVID-19確定病例(案1006)，為印尼籍20多歲男性漁工，今(2021)年3月5日來臺工作，持有搭機前3日內檢驗陰性報告，入境迄今並無症狀。個案入境後至集中檢疫所檢疫，3月18日接受檢疫期滿前採檢，於今日確診。
2021-03-21,2021-03-21,1,0,0,1,0,發佈日期：2021-03-21 中央流行疫情指揮中心今(21)日公布國內新增1例境外移入COVID-19確定病例(案1007)，為本國籍30多歲男性，2020年11月至波蘭出差，於今(2021)年2月25日返臺，入境時無不適症狀，持有搭機前3日內檢驗陰性報告。
2021-03-22,,0,0,0,0,0,
2021-03-23,2021-03-23,1,0,0,1,0,發佈日期：2021-03-23 中央流行疫情指揮中心今(23)日公布國內新增1例境外移入COVID-19確定病例(案1008)，為荷蘭籍20多歲男性，今(2021)年2月8日來臺工作，持有搭機前3日內檢驗陰性報告，入境時無症狀，並至防疫旅館檢疫。
2021-03-24,2021-03-24,2,0,0,2,0,發佈日期：2021-03-24 中央流行疫情指揮中心今(24)日公布國內新增2例境外移入COVID-19確定病例，分別自印尼(案1009)及菲律賓(案1010)入境。
2021-03-25,2021-03-25,3,0,0,3,0,發佈日期：2021-03-25 中央流行疫情指揮中心今(25)日公布國內新增3例境外移入COVID-19確定病例，自菲律賓(案1011、1013)及美國(案1012)入境。
2021-03-26,2021-03-26,1,0,0,1,0,發佈日期：2021-03-26 中央流行疫情指揮中心今(26)日公布國內新增1例境外移入COVID-19確定病例(案1014)，為菲律賓籍30多歲男性移工，今(2021)年2月28日來臺工作，持有搭機前3日內檢驗陰性報告，入境後至集中檢疫所檢疫，3月13日接受檢疫期滿前採檢，結果為陰性。
2021-03-27,2021-03-27,7,0,0,7,0,發佈日期：2021-03-27 中央流行疫情指揮中心今(27)日公布國內新增7例境外移入COVID-19確定病例，自印尼(案1015至案1019)、美國(案1020)及菲律賓(案1021)入境。
2021-03-28,2021-03-28,2,0,0,2,0,發佈日期：2021-03-28 中央流行疫情指揮中心今(28)日公布國內新增2例境外移入COVID-19確定病例（案1022、案1023），皆自菲律賓入境。
2021-03-29,,0,0,0,0,0,
2021-03-30,2021-03-30,1,0,0,1,0,發佈日期：2021-03-30 中央流行疫情指揮中心今(30)日公布國內新增1例境外移入COVID-19確定病例(案1025)，為本國籍30多歲女性，2019年9月至英國就學，今(2021)年3月28日返臺，持有搭機前3日內檢驗陰性報告，入境時無症狀，並至集中檢疫所檢疫。
2021-03-31,2021-03-31,6,0,0,6,0,發佈日期：2021-03-31 中央流行疫情指揮中心今(31)日公布國內新增6例境外移入COVID-19確定病例，自美國(案1026)、緬甸(案1027)、印尼(案1028及1029)、衣索比亞(案1030)及孟加拉(案1031)入境。
2021-04-01,2021-04-01,6,0,0,6,0,發佈日期：2021-04-01 中央流行疫情指揮中心今(1)日公布國內新增6例境外移入COVID-19確定病例，分別自巴拉圭(案1032)、愛爾蘭(案1033)、阿拉伯聯合大公國(案1034)、菲律賓(案1035、1037)及印尼(案1036)入境。
2021-04-02,2021-04-02,3,0,0,3,0,發佈日期：2021-04-02 中央流行疫情指揮中心今(2)日公布國內新增3例境外移入COVID-19確定病例，自印尼(案1038、1039)及瑞士(案1040)入境。
2021-04-03,2021-04-03,6,0,0,6,0,發佈日期：2021-04-03 中央流行疫情指揮中心今(3)日公布國內新增6例境外移入COVID-19確定病例，分別自菲律賓(案1041、1042、1046)及印尼(案1043至1045)入境。
2021-04-04,2021-04-04,2,0,0,2,0,發佈日期：2021-04-04 中央流行疫情指揮中心今(4)日公布國內新增2例境外移入COVID-19確定病例，分別自印尼(案1047)及菲律賓(案1048)入境。
2021-04-05,2021-04-05,1,0,0,1,0,發佈日期：2021-04-05 中央流行疫情指揮中心今(5)日公布國內新增1例境外移入COVID-19確定病例(案1049)，為印尼籍20多歲女性，今(2021)年3月21日來臺就學，持有搭機前3日內檢驗陰性報告，入境時無症狀，並至集中檢疫所進行檢疫，4月3日由衛生單位安排期滿前採檢，於今日確診(Ct值34，次日採檢陰性，IgM、IgG皆為陽性)，自述曾於當地接觸過確診者。因個案入境至今並無症狀，且檢疫期間未與他人接觸，故無匡列接觸者。
2021-04-06,2021-04-06,2,0,0,2,0,發佈日期：2021-04-06 中央流行疫情指揮中心今(6)日公布國內新增2例境外移入COVID-19確定病例(案1050、1051)，為本國籍10多歲及20多歲男性，今(2021)年3月上旬一同至埃及工作，案1050於3月29日出現咳嗽症狀，案1051亦自同日起出現咳嗽、流鼻水、喉嚨痛及頭痛情形；2人於4月4日返國，持有搭機前3日內檢驗陰性報告，入境時主動通報有症狀，在機場採檢，並於今日確診(Ct值分別為20及21)。
2021-04-07,,0,0,0,0,0,
2021-04-08,,0,0,0,0,0,
2021-04-09,2021-04-09,4,0,0,4,0,發佈日期：2021-04-09 中央流行疫情指揮中心今(9)日公布國內新增4例境外移入COVID-19確定病例，分別自義大利(案1052)、菲律賓(案1053、1054)及英國(案1055)入境。
2021-04-10,2021-04-10,2,0,0,2,0,發佈日期：2021-04-10 中央流行疫情指揮中心今(10)日公布國內新增2例境外移入COVID-19確定病例，分別自印尼(案1056)及菲律賓(案1057)入境。
2021-04-11,2021-04-11,1,0,0,1,0,發佈日期：2021-04-11 中央流行疫情指揮中心今(11)日公布國內新增1例境外移入COVID-19確定病例(案1058)，自美國入境；另新增1例確定病例死亡(案889)。
2021-04-12,2021-04-12,1,0,0,1,0,發佈日期：2021-04-12 中央流行疫情指揮中心今(12)日公布國內新增1例境外移入COVID-19確定病例(案1059)，為本國籍20多歲女性，去(2020)年10月至日本就學，於今(2021)年4月4日返臺，持有搭機前3日內檢驗陰性報告，入境時並無症狀，並至防疫旅館居家檢疫。個案於4月9日期間出現頭暈、噁心等症狀，4月10日由衛生單位安排就醫採檢，於今日確診(Ct值22)。衛生單位已匡列接觸者1人，列自主健康管理。
2021-04-13,2021-04-13,4,0,0,4,0,發佈日期：2021-04-13 中央流行疫情指揮中心今(13)日公布國內新增4例境外移入COVID-19確定病例，自孟加拉(案1060)、菲律賓(案1061)、衣索比亞(案1062)及愛爾蘭(案1063)入境。
2021-04-14,2021-04-14,5,0,0,5,0,發佈日期：2021-04-14 中央流行疫情指揮中心今(14)日公布國內新增5例境外移入COVID-19確定病例，自菲律賓(案1064、1065)、俄羅斯(1066)、英國(案1067)及加拿大(案1068)入境。
2021-04-15,2021-04-15,1,0,0,1,0,發佈日期：2021-04-15 中央流行疫情指揮中心今(15)日公布國內新增1例境外移入COVID-19確定病例(案1069)，為本國籍未滿5歲女童，長期居住印尼，今(2021)年3月21日即有咳嗽症狀，於印尼當地就醫服藥後症狀改善；3月28日與案1036(印尼籍30多歲女性)同行來臺，持有搭機前3日內檢驗陰性報告，入境時隨同案1036後送就醫，因案1069曾於3月21日有咳嗽症狀，亦進行採檢，其中案1036檢驗COVID-19陽性，於4月1日確診，案1069則檢驗陰性，返家由家人照顧，並列為居家隔離對象。
2021-04-16,2021-04-16,2,0,0,2,0,發佈日期：2021-04-16 中央流行疫情指揮中心今(16)日公布國內新增2例境外移入COVID-19確定病例，分別自菲律賓(案1070)及克羅埃西亞(案1071)入境。
2021-04-17,2021-04-17,2,0,0,2,0,發佈日期：2021-04-17 中央流行疫情指揮中心今(17)日公布國內新增2例境外移入COVID-19確定病例(案1072及1073)，均為印度籍，分別為30多歲及20多歲男性，今年3月30日來臺就學，皆持有搭機前3日內檢驗陰性報告，入境後至防疫旅館檢疫至4月13日，期間均無症狀。
2021-04-18,2021-04-18,1,0,0,1,0,發佈日期：2021-04-18 中央流行疫情指揮中心今(18)日公布國內新增1例境外移入COVID-19確定病例(案1074)，為馬來西亞籍40多歲男性，今(2021)年4月15日來臺工作，持有搭機前3日內檢驗陰性報告，入境時因體溫異常(38.5℃)，後送醫院採檢送驗，於今日確診(Ct值16)。個案自述在機上自覺喉嚨乾癢及輕微咳嗽。衛生單位已匡列接觸者共14人，其中個案機上座位前後2排旅客共3人，列居家隔離，機組人員共11名，因均著適當防護，列自主健康管理。
2021-04-19,2021-04-19,3,0,0,3,0,發佈日期：2021-04-19 中央流行疫情指揮中心今(19)日公布國內新增3例境外移入COVID-19確定病例，分別自菲律賓（案1075、案1076）及印度（案1077）入境。
2021-04-20,2021-04-20,0,0,0,0,0,發佈日期：2021-04-20 中央流行疫情指揮中心今(20)日公布國內新增2例COVID-19確定病例(案1078、1079)，為本國籍50多歲及60多歲男性，皆為某航空公司之貨機機組員，2人於今(2021)年4月14日與另1名機組員一同執勤至美國，並由公司安排於當地旅館檢疫，4月16日返臺後進行3天居家檢疫。
2021-04-21,2021-04-21,4,0,0,4,0,發佈日期：2021-04-21 中央流行疫情指揮中心今(21)日公布國內新增4例境外移入COVID-19確定病例，自斯洛伐克(案1080)、印尼(1081)及菲律賓(案1082、1083)入境。
2021-04-22,2021-04-22,4,0,0,4,0,發佈日期：2021-04-22 中央流行疫情指揮中心今(22)日公布國內新增4例境外移入COVID-19確定病例，分別自哈薩克(案1084)、菲律賓(案1085、1086)及印尼(案1087)入境。
2021-04-23,2021-04-23,2,0,0,2,0,發佈日期：2021-04-23 中央流行疫情指揮中心今(23)日公布國內新增2例COVID-19境外移入確定病例，自印度(案1088)及比利時(案1089)入境。
2021-04-24,2021-04-24,6,0,0,6,0,發佈日期：2021-04-24 中央流行疫情指揮中心今(24)日表示，因應某航空公司機師於澳洲檢出COVID-19陽性，指揮中心啟動個案在臺活動史之調查，並針對在臺接觸者匡列及回溯採檢，今日新增1名回溯採檢者檢出陽性(案1092)。發佈日期：2021-04-24 中央流行疫情指揮中心今(24)日公布國內新增6例境外移入COVID-19確定病例，分別自菲律賓(案1093、1094、1098)、印度(案1095)及印尼(案1096、1097)入境。
2021-04-25,2021-04-25,1,0,0,1,0,發佈日期：2021-04-25 中央流行疫情指揮中心今(25)日表示，因應某航空公司機師於澳洲檢出COVID-19陽性，指揮中心啟動個案在臺活動史調查，並針對在臺接觸者匡列及回溯採檢，今日再新增1名回溯採檢者檢出陽性(案1100)；另新增一名居家檢疫期滿者檢出陽性(案1101)，同為該航空之機師。發佈日期：2021-04-25 中央流行疫情指揮中心今(25)日公布國內新增1例COVID-19境外移入確定病例，自美國(案1099)入境。
2021-04-26,2021-04-26,2,0,0,2,0,發佈日期：2021-04-26 中央流行疫情指揮中心今(26)日表示，因應某航空公司機師於澳洲檢出COVID-19陽性，指揮中心啟動航空公司飛航機師採檢專案，對全數機師人員進行採檢，今日再新增2名採檢者檢出陽性(案1102、案1105)。發佈日期：2021-04-26 中央流行疫情指揮中心今(26)日公布國內新增2例COVID-19境外移入確定病例，分別為緬甸籍40多歲男性(案1103)及中國籍40多歲男性(案1104)，2人為同船船員，均自菲律賓入境。
2021-04-27,2021-04-27,6,1,0,5,0,發佈日期：2021-04-27 中央流行疫情指揮中心今(27)日表示，新增1例本土COVID-19確診病例(案1111)，為澳洲驗出陽性機師及案1090之同住家人。發佈日期：2021-04-27 中央流行疫情指揮中心今(27)日公布國內新增5例境外移入COVID-19病例，自加拿大(案1106)及菲律賓(案1107至案1110)入境。
2021-04-28,2021-04-28,6,3,0,3,0,發佈日期：2021-04-28 中央流行疫情指揮中心今(28)日公布國內新增3例本土COVID-19確定病例，其中1例(案1112)為境外移入個案之非同住家人，2例(案1113、案1114)為昨(27)日公布某航空公司血清抗體陽性機師之同住家人。發佈日期：2021-04-28 中央流行疫情指揮中心今(28)日公布國內新增3例境外移入COVID-19確定病例，自印尼(案1115、案1116)及印度(案1117)入境。
2021-04-29,2021-04-29,4,2,0,2,0,發佈日期：2021-04-29 中央流行疫情指揮中心今(29)日公布國內新增2例本土及1例調查中COVID-19確定病例，本土病例中，1例為機場防疫旅館員工(案1120)、1例為案1078同住家人(案1121)；調查中病例為某航空公司機師(案1122)。發佈日期：2021-04-29 中央流行疫情指揮中心今(29)日公布國內新增2例境外移入COVID-19確定病例，自菲律賓(案1118)及墨西哥(案1119)入境。
2021-04-30,2021-04-30,7,3,0,4,0,發佈日期：2021-04-30 中央流行疫情指揮中心今(30)日公布國內新增3例本土COVID-19確定病例(案1127至案1129)，皆為機場防疫旅館員工。發佈日期：2021-04-30 中央流行疫情指揮中心今(30)日公布國內新增4例境外移入COVID-19確定病例，自哈薩克(案1123)、埃及(案1124)、菲律賓(案1125)及印度(案1126)入境。
2021-05-01,2021-05-01,4,1,0,3,0,發佈日期：2021-05-01 中央流行疫情指揮中心今(1)日表示，新增1例本土COVID-19確診病例(案1133)，為案1102之同住家人。發佈日期：2021-05-01 中央流行疫情指揮中心今(1)日公布國內新增3例境外移入COVID-19確定病例，自菲律賓(案1130、案1132)及印尼(案1131)入境。
2021-05-02,2021-05-02,5,4,0,1,0,發佈日期：2021-05-02 中央流行疫情指揮中心今(2)日公布國內新增1例境外移入COVID-19確定病例，自印尼入境。發佈日期：2021-05-02 中央流行疫情指揮中心今(2)日公布國內新增4例本土COVID-19確定病例，其中3例(案1134、案1135及案1136)為案1129同住家人，1例(案1137)為案1102及案1133同住家人。
2021-05-03,2021-05-03,8,2,0,6,0,發佈日期：2021-05-03 中央流行疫情指揮中心今(3)日公布國內新增2例本土COVID-19確定病例，其中1例曾有機場防疫旅館活動史(案1145)，另1例為澳洲檢出陽性機師之同住接觸者(案1146)。發佈日期：2021-05-03 中央流行疫情指揮中心今(3)日公布國內新增6例境外移入COVID-19確定病例，自荷蘭(案1139、案1140)、印尼(案1141至案1143)及烏茲別克(案1144)入境。
2021-05-04,2021-05-04,6,0,0,6,0,發佈日期：2021-05-04 中央流行疫情指揮中心今(4)日公布國內新增2例感染源調查中COVID-19確定病例，為某航空公司機師(案1153)及空服員(案1154)。發佈日期：2021-05-04 中央流行疫情指揮中心今(4)日公布國內新增6例境外移入COVID-19確定病例，自印尼(案1147、案1150)、泰國(案1149)、印度(案1148、案1151)及菲律賓(案1152)入境。
2021-05-05,2021-05-05,7,0,0,7,0,發佈日期：2021-05-05 中央流行疫情指揮中心今(5)日公布國內新增7例境外移入COVID-19確定病例，自菲律賓(案1155)、印尼(案1156、案1159至案1161)、日本(案1157)及美國(案1158)入境。
2021-05-06,2021-05-06,13,1,0,12,0,發佈日期：2021-05-06 中央流行疫情指揮中心今(6)日公布國內新增1例本土COVID-19確定病例(案1174)，為本國籍30多歲男性，為機場防疫旅館工程部員工，近期無出國史，因業務需要，經常與房務部往來，並與案1120及案1129有密切接觸。發佈日期：2021-05-06 中央流行疫情指揮中心今(6)日公布國內新增12例境外移入COVID-19確定病例，自菲律賓(案1162至案1167、案1171至案1173)、越南(案1168及案1169)及印尼(案1170)入境。
2021-05-07,2021-05-07,5,0,0,5,0,發佈日期：2021-05-07 中央流行疫情指揮中心今(7)日公布國內新增5例境外移入COVID-19確定病例，自菲律賓(案1175至案1177)、印度(案1178)及英國(案1179)入境。
2021-05-08,2021-05-08,4,1,0,3,0,發佈日期：2021-05-08 中央流行疫情指揮中心今(8)日公布國內新增1例感染源調查中COVID-19病例，為某航空公司機師(案1183)，及1例本土COVID-19病例(案1184)，為1183之同住家人。發佈日期：2021-05-08 中央流行疫情指揮中心今(8)日公布國內新增3例境外移入COVID-19確定病例，自菲律賓(案1180及案1181)、荷蘭(案1182)入境。
2021-05-09,2021-05-09,1,0,0,1,0,發佈日期：2021-05-09 中央流行疫情指揮中心今(9)日公布國內新增1例境外移入COVID-19確定病例，自菲律賓(案1185)入境。
2021-05-10,2021-05-10,14,3,0,11,0,發佈日期：2021-05-10 中央流行疫情指揮中心今(10)日公布國內新增3例本土及1例感染源調查中COVID-19確定病例，其中1例為機場防疫旅館員工(案1186)，1例為某航空公司機師(案1187感染源調查中)，2例為案1105同住家人(案1199、案1200)。發佈日期：2021-05-10 中央流行疫情指揮中心今(10)日公布國內新增11例境外移入COVID-19確定病例，自菲律賓(案1188)、敘利亞(案1189)、印度(案1190至案1193)及印尼(案1194至案1198)入境。
2021-05-11,2021-05-11,11,7,0,4,0,發佈日期：2021-05-11 中央流行疫情指揮中心今(11)日公布國內新增4例境外移入COVID-19確定病例(案1204至案1207)，均自印度入境。發佈日期：2021-05-11 中央流行疫情指揮中心今(11)日公布國內新增7例本土COVID-19確定病例，1例為案1187之接觸者(案1201)，6例感染源待釐清(案1202、案1203，案1208至案1211)，並包括1起遊藝場群聚事件。
2021-05-12,2021-05-12,20,16,0,4,0,發佈日期：2021-05-12 中央流行疫情指揮中心今(12)日公布國內新增16例本土及1例調查中COVID-19確定病例，皆為本國籍。16例本土個案中，3例為宜蘭遊藝場群聚個案之相關接觸者(案1216、案1231、案1232)，10例為案1203接觸者(案1218、案1219，案1223至案1230)，3例感染源待釐清(案1217、案1220、案1221)；1例調查中個案為案1187接觸者(案1222)。發佈日期：2021-05-12 中央流行疫情指揮中心今(12)日公布國內新增4例境外移入COVID-19確定病例，自菲律賓(案1212至案1214)及印度(案1215)入境。
2021-05-13,2021-05-13,25,13,0,12,0,發佈日期：2021-05-13 中央流行疫情指揮中心今(13)日公布國內新增12例境外移入COVID-19確定病例，自菲律賓(案1233至案1236、案1238)、印度(案1239至案1244)及烏干達(案1237)入境。發佈日期：2021-05-13 中央流行疫情指揮中心今(13)日公布國內新增13例本土COVID-19確定病例(案1245至案1257)，均為本國籍。其中9例與案1203群聚相關，4例與臺北市萬華區茶藝館群聚相關。
2021-05-14,2021-05-14,34,29,0,5,0,發佈日期：2021-05-14 中央流行疫情指揮中心今(14)日公布國內新增29例本土COVID-19確定病例(案1263至案1291，含5月13日晚間公布2例，包括案1272及案1273)，皆為本國籍，為16例女性及13例男性，年齡介於10多歲至70多歲；其中4人無症狀，其餘25人發病日介於5月2日至5月12日。發佈日期：2021-05-14 中央流行疫情指揮中心今(14)日公布國內新增5例境外移入 COVID-19確定病例，自印尼2例（案1258、案1259）、巴拉圭2例（案1260、案1261）與阿爾巴尼亞1例（案1262）入境。
2021-05-15,2021-05-15,185,180,0,5,0,發佈日期：2021-05-15 中央流行疫情指揮中心今(15)日公布國內新增185例COVID-19確定病例，分別為180例本土及5例境外移入。
2021-05-16,2021-05-16,207,206,0,1,0,發佈日期：2021-05-16 中央流行疫情指揮中心今(16)日公布國內新增207例COVID-19確定病例，分別為206例本土及1例境外移入。
2021-05-17,2021-05-17,333,333,0,0,0,發佈日期：2021-05-17 中央流行疫情指揮中心今(17)日公布國內新增335例COVID-19確定病例，分別為333例本土(案1684至案2016)及2例(案2017、案2018)境外移入。
2021-05-18,2021-05-18,245,240,0,5,2,發佈日期：2021-05-18 中央流行疫情指揮中心今(18)日公布國內新增245例COVID-19確定病例，分別為240例本土及5例境外移入；確診個案中新增2例死亡（案1522、案2095）。
2021-05-19,2021-05-19,275,267,0,8,0,發佈日期：2021-05-19 中央流行疫情指揮中心今(19)日公布國內新增275例COVID-19確定病例，分別為267例本土及8例境外移入。
2021-05-20,2021-05-20,295,286,0,9,1,發佈日期：2021-05-20 中央流行疫情指揮中心今(20)日公布國內新增295例，286例本土；9例境外移入；確診個案中新增1例死亡(案2683)。
2021-05-21,2021-05-21,315,312,0,3,0,發佈日期：2021-05-21 中央流行疫情指揮中心今(21)日公布國內新增315例COVID-19確定病例，分別為312例本土及3例境外移入。
2021-05-22,2021-05-22,723,321,400,2,2,發佈日期：2021-05-22 中央流行疫情指揮中心今(22)日公布今日國內323例COVID-19確定病例，分別為321例本土及2例境外移入（案3462、案3867）。另有400例本土個案為校正回歸上週各日個案。確診個案中新增2例死亡（案3097、案3553）。
2021-05-23,2021-05-23,460,287,170,3,6,發佈日期：2021-05-23 中央流行疫情指揮中心今(23)日公布新增國內290例COVID-19確定病例，分別為287例本土及3例境外移入(案4023、案4227、案4228)。另有170例本土個案為校正回歸上週各日個案。確診個案中新增6例死亡(案1912、案2384、案2483、案2986、案3304、案3417)。
2021-05-24,2021-05-24,595,334,256,5,6,發佈日期：2021-05-24 中央流行疫情指揮中心今(24)日公布國內新增339例COVID-19確定病例，分別為334例本土個案及5例境外移入個案(含印度3例、菲律賓1例、尼泊爾1例)；另有校正回歸本土個案256例，總計595例。確診個案中新增6例死亡。
2021-05-25,2021-05-25,544,281,261,2,6,發佈日期：2021-05-25 中央流行疫情指揮中心今(25)日公布國內新增283例COVID-19確定病例，分別為281例本土個案及2例境外移入個案；另有校正回歸本土個案261例，總計544例。確診個案中新增6例死亡。
2021-05-26,2021-05-26,635,302,331,2,11,發佈日期：2021-05-26 中央流行疫情指揮中心今(26)日公布國內新增304例COVID-19確定病例，分別為302例本土個案及2例境外移入個案；另有校正回歸本土個案331例，總計635例。確診個案中新增11例死亡。
2021-05-27,2021-05-27,671,401,266,4,13,發佈日期：2021-05-27 中央流行疫情指揮中心今(27)日公布國內新增405例COVID-19確定病例，分別為401例本土個案及4例境外移入個案；另有校正回歸本土個案266例，總計671例。確診個案中新增13例死亡。
2021-05-28,2021-05-28,557,297,258,2,19,發佈日期：2021-05-28 中央流行疫情指揮中心今(28)日公布國內新增299例COVID-19確定病例，分別為297例本土個案及2例境外移入個案；另有校正回歸本土個案258例，總計557例。確診個案中新增19例死亡。
2021-05-29,2021-05-29,493,320,166,7,21,發佈日期：2021-05-29 中央流行疫情指揮中心今(29)日公布國內新增327例COVID-19確定病例，分別為320例本土個案及7例境外移入個案；另有校正回歸本土個案166例，總計493例。確診個案中新增21例死亡。
2021-05-30,2021-05-30,355,266,89,0,10,發佈日期：2021-05-30 中央流行疫情指揮中心今(30)日公布國內新增266例本土COVID-19確定病例，另有校正回歸本土個案89例，總計355例。確診個案中新增10例死亡。
2021-05-31,2021-05-31,351,274,73,4,15,發佈日期：2021-05-31 中央流行疫情指揮中心今(31)日公布國內新增278例COVID-19確定病例，分別為274例本土個案及4例境外移入個案；另有校正回歸本土個案73例，總計351例。確診個案中新增15例死亡。
2021-06-01,2021-06-01,332,262,65,5,13,發佈日期：2021-06-01 中央流行疫情指揮中心今(1)日公布國內新增267例COVID-19確定病例，分別為262例本土個案及5例境外移入個案；另有校正回歸本土個案65例，總計332例。確診個案中新增13例死亡。,https://www.cdc.gov.tw/Bulletin/Detail/NbJPnux7EVXkJOnojvfmzw?typeid=9
2021-06-02,2021-06-02,549,372,177,0,12,發佈日期：2021-06-02 中央流行疫情指揮中心今(2)日公布國內新增372例本土COVID-19確定病例，另有校正回歸本土個案177例，總計549例。確診個案中新增12例死亡。,https://www.cdc.gov.tw/Bulletin/Detail/-dgNWLOlnaFW6w6aXu56Gg?typeid=9
2021-06-03,2021-06-03,585,364,219,2,17,發佈日期：2021-06-03 中央流行疫情指揮中心今(3)日公布國內新增366例COVID-19確定病例，分別為364例本土個案及2例境外移入個案；另有校正回歸本土個案219例，總計585例。確診個案中新增17例死亡。,https://www.cdc.gov.tw/Bulletin/Detail/OUnnUS1b3dI3KifFOW9YDQ?typeid=9
2021-06-04,2021-06-04,474,339,133,2,21,發佈日期：2021-06-04 中央流行疫情指揮中心今(4)日公布國內新增341例COVID-19確定病例，分別為339例本土個案及2例境外移入個案；另有校正回歸本土個案133例，總計474例。確診個案中新增21例死亡。,https://www.cdc.gov.tw/Bulletin/Detail/mSN0dJTnpFimudzTCyQ9sg?typeid=9
2021-06-05,2021-06-05,511,476,35,0,37,發佈日期：2021-06-05 中央流行疫情指揮中心今(5)日公布國內新增476例COVID-19本土個案確定病例；另有校正回歸本土個案35例，總計511例。確診個案中新增37例死亡。,https://www.cdc.gov.tw/Bulletin/Detail/BNtnNefG-RoQT5bNM5KRfg?typeid=9
2021-06-06,2021-06-06,343,335,8,0,36,發佈日期：2021-06-06 中央流行疫情指揮中心今(6)日公布國內新增335例本土COVID-19確定病例，另有校正回歸本土個案8例，總計343例。確診個案中新增36例死亡。,https://www.cdc.gov.tw/Bulletin/Detail/JjN_NyCRNf6UTrNW6xvYhQ?typeid=9
2021-06-07,2021-06-07,214,211,0,3,26,發佈日期：2021-06-07 中央流行疫情指揮中心今(7)日公布國內新增214例COVID-19確定病例，分別為211例本土個案及3例境外移入個案。確診個案中新增26例死亡。,https://www.cdc.gov.tw/Bulletin/Detail/R1FSxs02pQ9SbzB6uQQ8TA?typeid=9
2021-06-08,2021-06-08,219,219,0,0,22,發佈日期：2021-06-08 中央流行疫情指揮中心今(8)日公布國內新增219例COVID-19確定病例，均為本土個案。確診個案中新增22例死亡。,https://www.cdc.gov.tw/Bulletin/Detail/8UJd-2sMxGw-HAWQ6FJMSQ?typeid=9
2021-06-09,2021-06-09,275,274,0,1,25,發佈日期：2021-06-09 中央流行疫情指揮中心今(9)日公布國內新增275例COVID-19確定病例，其中274例為本土個案，另有1例境外移入個案。確診個案中新增25例死亡。,https://www.cdc.gov.tw/Bulletin/Detail/WF6xlOaJgMr0POPnUwWvsw?typeid=9
2021-06-10,2021-06-10,266,263,0,3,28,發佈日期：2021-06-10 中央流行疫情指揮中心今(10)日公布國內新增266例COVID-19確定病例，其中263例為本土個案，另有3例境外移入個案。確診個案中新增28例死亡。,https://www.cdc.gov.tw/Bulletin/Detail/lMHQW2_3wdE5B0rVqMdwKA?typeid=9
2021-06-11,2021-06-11,287,286,0,1,24,發佈日期：2021-06-11 中央流行疫情指揮中心今(11)日公布國內新增287例COVID-19確定病例，分別為286例本土及1例境外移入；另確診個案中新增24例死亡。,https://www.cdc.gov.tw/Bulletin/Detail/YCIJBF3p851kbsP5H1TZtw?typeid=9
2021-06-12,2021-06-12,251,250,0,1,26,發佈日期：2021-06-12 中央流行疫情指揮中心今(12)日公布國內新增251例COVID-19確定病例，分別為250例本土及1例境外移入；另確診個案中新增26例死亡。,https://www.cdc.gov.tw/Bulletin/Detail/MHEOJlq75e2VYGkuBMGeJQ?typeid=9
2021-06-13,2021-06-13,175,174,0,1,26,發佈日期：2021-06-13 中央流行疫情指揮中心今(13)日公布國內新增175例COVID-19確定病例，分別為174例本土及1例境外移入；另確診個案中新增26例死亡。,https://www.cdc.gov.tw/Bulletin/Detail/iGXRaqo6rnJ0Gh9PFDovyg?typeid=9
2021-06-14,2021-06-14,185,185,0,0,15,發佈日期：2021-06-14 中央流行疫情指揮中心今(14)日公布國內新增185例COVID-19確定病例，均為本土個案；另確診個案中新增15例死亡。,https://www.cdc.gov.tw/Bulletin/Detail/832w8RYL7puxozPKMoTSAg?typeid=9
2021-06-15,2021-06-15,135,132,0,3,8,發佈日期：2021-06-15 中央流行疫情指揮中心今(15)日公布國內新增135例COVID-19確定病例，其中132例為本土個案，另有3例境外移入；確診個案中新增8例死亡。,https://www.cdc.gov.tw/Bulletin/Detail/DRnT39ZhmbVd21bWvHIEng?typeid=9
2021-06-16,2021-06-16,170,167,0,3,18,發佈日期：2021-06-16 中央流行疫情指揮中心今(16)日公布國內新增170例COVID-19確定病例，分別為167例本土個案及3例境外移入；確診個案中新增18例死亡。,https://www.cdc.gov.tw/Bulletin/Detail/-bdXbaKzQLCvX8s69vQWQA?typeid=9
2021-06-17,2021-06-17,175,175,0,0,19,發佈日期：2021-06-17 中央流行疫情指揮中心今(17)日公布國內新增175例COVID-19本土確定病例，另確診個案中新增19例死亡。,https://www.cdc.gov.tw/Bulletin/Detail/3EaqopBnYL-XoDtMI8qQEA?typeid=9
2021-06-18,2021-06-18,188,187,0,1,21,發佈日期：2021-06-18 中央流行疫情指揮中心今(18)日公布國內新增188例COVID-19確定病例，分別為187例本土個案及1例境外移入；確診個案中新增21例死亡。,https://www.cdc.gov.tw/Bulletin/Detail/TAeqHS3g8G3Qbp3EGZkXSQ?typeid=9
2021-06-19,2021-06-19,128,127,0,1,20,發佈日期：2021-06-19 中央流行疫情指揮中心今(19)日公布國內新增128例COVID-19確定病例，分別為127例本土個案及1例境外移入；確診個案中新增20例死亡。,https://www.cdc.gov.tw/Bulletin/Detail/u9SuLf-DGkfywEXISH7pIw?typeid=9
2021-06-20,2021-06-20,109,107,0,2,11,發佈日期：2021-06-20 中央流行疫情指揮中心今(20)日公布國內新增109例COVID-19確定病例，分別為107例本土個案及2例境外移入；確診個案中新增11例死亡。,https://www.cdc.gov.tw/Bulletin/Detail/8QrfZwt787Bjeoh31UZztg?typeid=9
2021-06-21,2021-06-21,75,75,0,0,20,發佈日期：2021-06-21 中央流行疫情指揮中心今(21)日公布國內新增75例COVID-19本土確定病例，均為本土個案；另確診個案中新增20例死亡。,https://www.cdc.gov.tw/Bulletin/Detail/Lby0PKwYfroFHd13wPbOdg?typeid=9
2021-06-22,2021-06-22,79,78,0,1,6,發佈日期：2021-06-22 中央流行疫情指揮中心今(22)日公布國內新增79例COVID-19確定病例，其中78例為本土個案，另有1例境外移入；另確診個案中新增6例死亡。,https://www.cdc.gov.tw/Bulletin/Detail/7IX7KD-nM2TmIYgml7lDWg?typeid=9
2021-06-23,2021-06-23,104,104,0,0,24,發佈日期：2021-06-23 中央流行疫情指揮中心今(23)日公布國內新增104例COVID-19確定病例，均為本土個案；另確診個案中新增24例死亡。,https://www.cdc.gov.tw/Bulletin/Detail/mDFLj0aLsQztMI7vnMSy1w?typeid=9
2021-06-24,2021-06-24,130,129,0,1,6,發佈日期：2021-06-24 中央流行疫情指揮中心今(24)日公布國內新增130例COVID-19確定病例，分別為129例本土個案及1例境外移入；另確診個案中新增6例死亡。,https://www.cdc.gov.tw/Bulletin/Detail/3A_GxvlYM4wkYEYTlozw6A?typeid=9
2021-06-25,2021-06-25,76,76,0,0,5,發佈日期：2021-06-25 中央流行疫情指揮中心今(25)日公布國內新增76例COVID-19確定病例，均為本土個案；其中34例為居家隔離/檢疫期間或期滿檢驗陽性者。另，確診個案中新增5例死亡。,https://www.cdc.gov.tw/Bulletin/Detail/9pKIzKzZOpp4HocU3uCl6g?typeid=9
2021-06-26,2021-06-26,80,78,0,2,13,發佈日期：2021-06-26 中央流行疫情指揮中心今(26)日公布國內新增80例COVID-19確定病例，其中78例為本土個案(39例為居家隔離期間或期滿檢驗陽性者)；另有2例境外移入。另，確診個案中新增13例死亡。,https://www.cdc.gov.tw/Bulletin/Detail/Ve2G8PYEHCAhycgrH0Q1PQ?typeid=9
2021-06-27,2021-06-27,89,88,0,1,9,發佈日期：2021-06-27 中央流行疫情指揮中心今(27)日公布國內新增89例COVID-19確定病例，分別為88例本土及1例境外移入；另確診個案中新增9例死亡。
2021-06-28,2021-06-28,60,60,0,0,3,發佈日期：2021-06-28 中央流行疫情指揮中心今(28)日公布國內新增60例COVID-19確定病例，均為本土個案；另確診個案中新增3例死亡。
2021-06-29,2021-06-29,54,54,0,0,8,發佈日期：2021-06-29 中央流行疫情指揮中心今(29)日公布國內新增54例COVID-19確定病例，均為本土個案；另確診個案中新增8例死亡。
2021-06-30,2021-06-30,56,55,0,1,5,發佈日期：2021-06-30 中央流行疫情指揮中心今(30)日公布國內新增56例COVID-19確定病例，分別為55例本土及1例境外移入；另確診個案中新增5例死亡。
2021-07-01,2021-07-01,50,47,0,3,13,發佈日期：2021-07-01 中央流行疫情指揮中心今(1)日公布國內新增50例COVID-19確定病例，分別為47例本土及3例境外移入；另確診個案中新增13例死亡。
2021-07-02,2021-07-02,58,57,0,1,15,發佈日期：2021-07-02 中央流行疫情指揮中心今(2)日公布國內新增58例COVID-19確定病例，分別為57例本土及1例境外移入；另確診個案中新增15例死亡。
2021-07-03,2021-07-03,80,76,0,4,10,發佈日期：2021-07-03 中央流行疫情指揮中心今(3)日公布國內新增80例COVID-19確定病例，分別為76例本土及4例境外移入；另確診個案中新增10例死亡。
2021-07-04,2021-07-04,39,37,0,2,2,發佈日期：2021-07-04 中央流行疫情指揮中心今(4)日公布國內新增39例COVID-19確定病例，分別為37例本土及2例境外移入；另確診個案中新增2例死亡。
2021-07-05,2021-07-05,31,28,0,3,1,發佈日期：2021-07-05 中央流行疫情指揮中心今(5)日公布國內新增31例COVID-19確定病例，分別為28例本土及3例境外移入；另確診個案中新增1例死亡。
2021-07-06,2021-07-06,29,27,0,2,17,發佈日期：2021-07-06 中央流行疫情指揮中心今(6)日公布國內新增29例COVID-19確定病例，分別為27例本土及2例境外移入；另確診個案中新增17例死亡。
2021-07-07,2021-07-07,40,39,0,1,9,發佈日期：2021-07-07 中央流行疫情指揮中心今(6)日公布國內新增40例COVID-19確定病例，分別為39例本土及1例境外移入；另確診個案中新增9例死亡。
2021-07-08,2021-07-08,21,18,0,3,3,發佈日期：2021-07-08 中央流行疫情指揮中心今(8)日公布國內新增21例COVID-19確定病例，分別為18例本土及3例境外移入；另確診個案中新增3例死亡。
2021-07-09,2021-07-09,36,32,0,4,12,發佈日期：2021-07-09 中央流行疫情指揮中心今(9)日公布國內新增36例COVID-19確定病例，分別為32例本土及4例境外移入；另確診個案中新增12例死亡。
2021-07-10,2021-07-10,33,31,0,2,6,發佈日期：2021-07-10 中央流行疫情指揮中心今(10)日公布國內新增33例COVID-19確定病例，分別為31例本土及2例境外移入；另確診個案中新增6例死亡。
2021-07-11,2021-07-11,31,28,0,3,4,發佈日期：2021-07-11 中央流行疫情指揮中心今(11)日公布國內新增31例COVID-19確定病例，分別為28例本土及3例境外移入；另確診個案中新增4例死亡。
2021-07-12,2021-07-12,24,23,0,1,1,發佈日期：2021-07-12 中央流行疫情指揮中心今(12)日公布國內新增24例COVID-19確定病例，分別為23例本土及1例境外移入；另確診個案中新增1例死亡。
2021-07-13,2021-07-13,29,28,0,1,6,發佈日期：2021-07-13 中央流行疫情指揮中心今(13)日公布國內新增29例COVID-19確定病例，分別為28例本土及1例境外移入；另確診個案中新增6例死亡。
2021-07-14,2021-07-14,27,17,0,10,6,發佈日期：2021-07-14 中央流行疫情指揮中心今(14)日公布國內新增27例COVID-19確定病例，分別為17例本土及10例境外移入；另確診個案中新增6例死亡。
2021-07-15,2021-07-15,18,14,0,4,6,發佈日期：2021-07-15 中央流行疫情指揮中心今(15)日公布國內新增18例COVID-19確定病例，分別為14例本土及4例境外移入；另確診個案中新增6例死亡。
2021-07-16,2021-07-16,32,29,0,3,4,發佈日期：2021-07-16 中央流行疫情指揮中心今(16)日公布國內新增32例COVID-19確定病例，分別為29例本土及3例境外移入；另確診個案中新增4例死亡。
2021-07-17,2021-07-17,12,8,0,4,1,發佈日期：2021-07-17 中央流行疫情指揮中心今(17)日公布國內新增12例COVID-19確定病例，分別為8例本土及4例境外移入；另確診個案中新增1例死亡。
2021-07-18,2021-07-18,18,15,0,3,4,發佈日期：2021-07-18 中央流行疫情指揮中心今(18)日公布國內新增18例COVID-19確定病例，分別為15例本土及3例境外移入；另確診個案中新增4例死亡。
2021-07-19,2021-07-19,21,15,0,6,1,發佈日期：2021-07-19 中央流行疫情指揮中心今(19)日公布國內新增21例COVID-19確定病例，分別為15例本土及6例境外移入；另確診個案中新增1例死亡。
2021-07-20,2021-07-20,24,18,0,6,4,發佈日期：2021-07-20 中央流行疫情指揮中心今(20)日公布國內新增24例COVID-19確定病例，分別為18例本土及6例境外移入；另確診個案中新增4例死亡。
2021-07-21,2021-07-21,25,16,0,9,5,發佈日期：2021-07-21 中央流行疫情指揮中心今(21)日公布國內新增25例COVID-19確定病例，分別為16例本土及9例境外移入；另確診個案中新增5例死亡。
2021-07-22,2021-07-22,33,30,0,3,4,發佈日期：2021-07-22 中央流行疫情指揮中心今(22)日公布國內新增33例COVID-19確定病例，分別為30例本土及3例境外移入；另確診個案中新增4例死亡。
2021-07-23,2021-07-23,24,23,0,1,2,發佈日期：2021-07-23 中央流行疫情指揮中心今(23)日公布國內新增24例COVID-19確定病例，分別為23例本土及1例境外移入；另確診個案中新增2例死亡。
2021-07-24,2021-07-24,25,24,0,1,2,發佈日期：2021-07-24 中央流行疫情指揮中心今(24)日公布國內新增25例COVID-19確定病例，分別為24例本土及1例境外移入；另確診個案中新增2例死亡。
2021-07-25,2021-07-25,13,12,0,1,0,發佈日期：2021-07-25 中央流行疫情指揮中心今(25)日公布國內新增13例COVID-19確定病例，分別為12例本土及1例境外移入；另確診個案中無新增死亡。
2021-07-26,2021-07-26,11,10,0,1,0,發佈日期：2021-07-26 中央流行疫情指揮中心今(26)日公布國內新增11例COVID-19確定病例，分別為10例本土及1例境外移入；另確診個案中無新增死亡。
2021-07-27,2021-07-27,17,16,0,1,1,發佈日期：2021-07-27 中央流行疫情指揮中心今(27)日公布國內新增17例COVID-19確定病例，分別為16例本土及1例境外移入；另確診個案中新增1例死亡。
2021-07-28,2021-07-28,20,18,0,2,0,發佈日期：2021-07-28 中央流行疫情指揮中心今(28)日公布國內新增20例COVID-19確定病例，分別為18例本土及2例境外移入；另確診個案中無新增死亡。
2021-07-29,2021-07-29,18,16,0,2,0,發佈日期：2021-07-29 中央流行疫情指揮中心今(29)日公布國內新增18例COVID-19確定病例，分別為16例本土及2例境外移入；另確診個案中無新增死亡。
2021-07-30,2021-07-30,25,21,0,4,0,發佈日期：2021-07-30 中央流行疫情指揮中心今(30)日公布國內新增25例COVID-19確定病例，分別為21例本土及4例境外移入；另確診個案中無新增死亡。
2021-07-31,2021-07-31,12,11,0,1,0,發佈日期：2021-07-31 中央流行疫情指揮中心今(31)日公布國內新增12例COVID-19確定病例，分別為11例本土及1例境外移入；另確診個案中無新增死亡。
2021-08-01,2021-08-01,14,12,0,2,2,發佈日期：2021-08-01 中央流行疫情指揮中心今(1)日公布國內新增14例COVID-19確定病例，分別為12例本土及2例境外移入；另確診個案中新增2例死亡。
2021-08-02,2021-08-02,14,12,0,2,0,發佈日期：2021-08-02 中央流行疫情指揮中心今(2)日公布國內新增14例COVID-19確定病例，分別為12例本土及2例境外移入；另確診個案中無新增死亡。
2021-08-03,2021-08-03,19,16,0,3,2,發佈日期：2021-08-03 中央流行疫情指揮中心今(3)日公布國內新增19例COVID-19確定病例，分別為16例本土及3例境外移入；另確診個案中新增2例死亡。
2021-08-04,2021-08-04,21,20,0,1,0,發佈日期：2021-08-04 中央流行疫情指揮中心今(4)日公布國內新增21例COVID-19確定病例，分別為20例本土及1例境外移入；另確診個案中無新增死亡。
2021-08-05,2021-08-05,11,6,0,5,0,發佈日期：2021-08-05 中央流行疫情指揮中心今(5)日公布國內新增11例COVID-19確定病例，分別為6例本土及5例境外移入；另確診個案中無新增死亡。
2021-08-06,2021-08-06,12,10,0,2,3,發佈日期：2021-08-06 中央流行疫情指揮中心今(6)日公布國內新增12例COVID-19確定病例，分別為10例本土及2例境外移入；另確診個案中新增3例死亡。
2021-08-07,2021-08-07,10,6,0,4,12,發佈日期：2021-08-07 中央流行疫情指揮中心今(7)日公布國內新增10例COVID-19確定病例，分別為6例本土及4例境外移入；另確診個案中新增12例死亡。
2021-08-08,2021-08-08,7,4,0,3,3,發佈日期：2021-08-08 中央流行疫情指揮中心今(8)日公布國內新增7例COVID-19確定病例，分別為4例本土及3例境外移入；另確診個案中新增3例死亡。
2021-08-09,2021-08-09,8,4,0,4,4,發佈日期：2021-08-09 中央流行疫情指揮中心今(9)日公布國內新增8例COVID-19確定病例，分別為4例本土及4例境外移入；另確診個案中新增4例死亡。
2021-08-10,2021-08-10,8,3,0,5,1,發佈日期：2021-08-10 中央流行疫情指揮中心今(10)日公布國內新增8例COVID-19確定病例，分別為3例本土及5例境外移入；另確診個案中新增1例死亡。
2021-08-11,2021-08-11,16,12,0,4,2,發佈日期：2021-08-11 中央流行疫情指揮中心今(11)日公布國內新增16例COVID-19確定病例，分別為12例本土及4例境外移入；另確診個案中新增2例死亡。
2021-08-12,2021-08-12,6,4,0,2,1,發佈日期：2021-08-12 中央流行疫情指揮中心今(12)日公布國內新增6例COVID-19確定病例，分別為4例本土及2例境外移入；另確診個案中新增1例死亡。
2021-08-13,2021-08-13,18,4,0,14,2,發佈日期：2021-08-13 中央流行疫情指揮中心今(13)日公布國內新增18例COVID-19確定病例，分別為4例本土及14例境外移入；另確診個案中新增2例死亡。
2021-08-14,2021-08-14,7,3,0,4,2,發佈日期：2021-08-14 中央流行疫情指揮中心今(14)日公布國內新增7例COVID-19確定病例，分別為3例本土及4例境外移入；另確診個案中新增2例死亡。
2021-08-15,2021-08-15,9,2,0,7,0,發佈日期：2021-08-15 中央流行疫情指揮中心今(15)日公布國內新增9例COVID-19確定病例，分別為2例本土及7例境外移入；另確診個案中無新增死亡。
2021-08-16,2021-08-16,10,8,0,2,0,發佈日期：2021-08-16 中央流行疫情指揮中心今(16)日公布國內新增10例COVID-19確定病例，分別為8例本土及2例境外移入；另確診個案中無新增死亡。
2021-08-17,2021-08-17,18,4,0,14,0,發佈日期：2021-08-17 中央流行疫情指揮中心今(17)日公布國內新增18例COVID-19確定病例，分別為4例本土及14例境外移入；另確診個案中無新增死亡。
2021-08-18,2021-08-18,11,6,0,5,0,發佈日期：2021-08-18 中央流行疫情指揮中心今(18)日公布國內新增11例COVID-19確定病例，分別為6例本土及5例境外移入；另確診個案中無新增死亡。
2021-08-19,2021-08-19,6,1,0,5,5,發佈日期：2021-08-19 中央流行疫情指揮中心今(19)日公布國內新增6例COVID-19確定病例，分別為1例本土及5例境外移入；另確診個案中新增5例死亡。
2021-08-20,2021-08-20,9,6,0,3,1,發佈日期：2021-08-20 中央流行疫情指揮中心今(20)日公布國內新增9例COVID-19確定病例，分別為6例本土及3例境外移入；另確診個案中新增1例死亡。
2021-08-21,2021-08-21,10,2,0,8,1,發佈日期：2021-08-21 中央流行疫情指揮中心今(21)日公布國內新增10例COVID-19確定病例，分別為2例本土及8例境外移入；另確診個案中新增1例死亡。
2021-08-22,2021-08-22,10,6,0,4,0,發佈日期：2021-08-22 中央流行疫情指揮中心今(22)日公布國內新增10例COVID-19確定病例，分別為6例本土及4例境外移入；另確診個案中無新增死亡。
2021-08-23,2021-08-23,6,4,0,2,0,發佈日期：2021-08-23 中央流行疫情指揮中心今(23)日公布國內新增6例COVID-19確定病例，分別為4例本土及2例境外移入；另確診個案中無新增死亡。
2021-08-24,2021-08-24,6,1,0,5,1,發佈日期：2021-08-24 中央流行疫情指揮中心今(24)日公布國內新增6例COVID-19確定病例，分別為1例本土及5例境外移入；另確診個案中新增1例死亡。
2021-08-25,2021-08-25,1,0,0,1,1,發佈日期：2021-08-25 中央流行疫情指揮中心今(25)日公布國內新增1例境外移入COVID-19病例(案16049)，自南非入境；另確診個案中新增1例死亡。
2021-08-26,2021-08-26,8,2,0,6,2,發佈日期：2021-08-26 中央流行疫情指揮中心今(26)日公布國內新增8例COVID-19確定病例，分別為2例本土及6例境外移入；另確診個案中新增2例死亡。
2021-08-27,2021-08-27,7,0,0,7,1,發佈日期：2021-08-27 中央流行疫情指揮中心今(27)日公布國內新增7例境外移入COVID-19病例，分別自瑞典、美國、印尼(3例)及印度(2例)入境；另確診個案中新增1例死亡。
2021-08-28,2021-08-28,6,0,0,6,0,發佈日期：2021-08-28 中央流行疫情指揮中心今(28)日公布國內新增6例境外移入COVID-19病例，分別自法國、美國、越南、巴基斯坦、柬埔寨及其他國家移入；另確診個案中無新增死亡。
2021-08-29,2021-08-29,23,13,0,10,1,發佈日期：2021-08-29 中央流行疫情指揮中心今(29)日公布國內新增23例COVID-19確定病例，分別為13例本土及10例境外移入；另確診個案中新增1例死亡。
2021-08-30,2021-08-30,8,3,0,5,0,發佈日期：2021-08-30 中央流行疫情指揮中心今(30)日公布國內新增8例COVID-19確定病例，分別為3例本土及5例境外移入；另確診個案中無新增死亡。
2021-08-31,2021-08-31,4,3,0,1,1,發佈日期：2021-08-31 中央流行疫情指揮中心今(31)日公布國內新增4例COVID-19確定病例，分別為3例本土及1例境外移入；另確診個案中新增1例死亡。
2021-09-01,2021-09-01,6,1,0,5,1,發佈日期：2021-09-01 中央流行疫情指揮中心今(1)日公布國內新增6例COVID-19確定病例，分別為1例本土及5例境外移入；另確診個案中新增1例死亡。
2021-09-02,2021-09-02,5,1,0,4,1,發佈日期：2021-09-02 中央流行疫情指揮中心今(2)日公布國內新增5例COVID-19確定病例，分別為1例本土及4例境外移入；另確診個案中新增1例死亡。
2021-09-03,2021-09-03,6,2,0,4,0,發佈日期：2021-09-03 中央流行疫情指揮中心今(3)日公布國內新增6例COVID-19確定病例，分別為2例本土及4例境外移入；另確診個案中無新增死亡。
2021-09-04,2021-09-04,1,0,0,1,0,發佈日期：2021-09-04 中央流行疫情指揮中心今(4)日公布國內新增1例COVID-19確定病例，為自美國入境；另確診個案中無新增死亡。
2021-09-05,2021-09-05,6,2,0,4,0,發佈日期：2021-09-05 中央流行疫情指揮中心今(5)日公布國內新增6例COVID-19確定病例，分別為2例本土及4例境外移入；另確診個案中無新增死亡。
2021-09-06,2021-09-06,16,9,0,7,0,發佈日期：2021-09-06 中央流行疫情指揮中心今(6)日公布國內新增16例COVID-19確定病例，分別為9例本土及7例境外移入；另確診個案中無新增死亡。
2021-09-07,2021-09-07,12,8,0,4,0,發佈日期：2021-09-07 中央流行疫情指揮中心今(7)日公布國內新增12例COVID-19確定病例，分別為8例本土及4例境外移入；另確診個案中無新增死亡。
2021-09-08,2021-09-08,9,7,0,2,0,發佈日期：2021-09-08 中央流行疫情指揮中心今(8)日公布國內新增9例COVID-19確定病例，分別為7例本土及2例境外移入；另確診個案中無新增死亡。
2021-09-09,2021-09-09,6,4,0,2,1,發佈日期：2021-09-09 中央流行疫情指揮中心今(9)日公布國內新增6例COVID-19確定病例，分別為4例本土及2例境外移入；另確診個案中新增1例死亡。
2021-09-10,2021-09-10,7,2,0,5,1,發佈日期：2021-09-10 中央流行疫情指揮中心今(10)日公布國內新增7例COVID-19確定病例，分別為2例本土及5例境外移入；另確診個案中新增1例死亡。
2021-09-11,2021-09-11,5,0,0,5,0,發佈日期：2021-09-11 中央流行疫情指揮中心今(11)日公布國內新增5例境外移入COVID-19確定病例，自南非、越南、日本入境；另確診個案中無新增死亡。
2021-09-12,2021-09-12,14,3,0,11,0,發佈日期：2021-09-12 中央流行疫情指揮中心今(12)日公布國內新增14例COVID-19確定病例，分別為3例本土及11例境外移入；另確診個案中無新增死亡。
2021-09-13,2021-09-13,5,2,0,3,0,發佈日期：2021-09-13 中央流行疫情指揮中心今(13)日公布國內新增5例COVID-19確定病例，分別為2例本土及3例境外移入；另確診個案中無新增死亡。
2021-09-14,2021-09-14,5,2,0,3,0,發佈日期：2021-09-14 中央流行疫情指揮中心今(14)日公布國內新增5例COVID-19確定病例，分別為2例本土及3例境外移入；另確診個案中無新增死亡。
2021-09-15,2021-09-15,5,1,0,4,0,發佈日期：2021-09-15 中央流行疫情指揮中心今(15)日公布國內新增5例COVID-19確定病例，分別為1例本土及4例境外移入；另確診個案中無新增死亡。
2021-09-16,2021-09-16,12,2,0,10,0,發佈日期：2021-09-16 中央流行疫情指揮中心今(16)日公布國內新增12例COVID-19確定病例，分別為2例本土及10例境外移入；另確診個案中無新增死亡。
2021-09-17,2021-09-17,8,2,0,6,0,發佈日期：2021-09-17 中央流行疫情指揮中心今(17)日公布國內新增8例COVID-19確定病例，分別為2例本土及6例境外移入；另確診個案中無新增死亡。
2021-09-18,2021-09-18,6,0,0,6,0,發佈日期：2021-09-18 中央流行疫情指揮中心今(18)日公布國內新增6例COVID-19確定病例，均為境外移入；另確診個案中無新增死亡。
2021-09-19,2021-09-19,12,1,0,11,1,發佈日期：2021-09-19 中央流行疫情指揮中心今(19)日公布國內新增12例COVID-19確定病例，分別為1例本土及11例境外移入；另確診個案中新增1例死亡。
2021-09-20,2021-09-20,6,2,0,4,0,發佈日期：2021-09-20 中央流行疫情指揮中心今(20)日公布國內新增6例COVID-19確定病例，分別為2例本土及4例境外移入；另確診個案中無新增死亡。
2021-09-21,2021-09-21,5,0,0,5,0,發佈日期：2021-09-21 中央流行疫情指揮中心今(21)日公布國內新增5例COVID-19確定病例，均為境外移入個案，分別自越南、美國、南非、史瓦帝尼、俄羅斯移入；另確診個案中無新增死亡。 
2021-09-22,2021-09-22,7,1,0,6,1,發佈日期：2021-09-22 中央流行疫情指揮中心今(22)日公布國內新增7例COVID-19確定病例，分別為1例本土及6例境外移入；另確診個案中新增1例死亡。
2021-09-23,2021-09-23,9,0,0,9,0,發佈日期：2021-09-23 中央流行疫情指揮中心今(23)日公布國內新增9例COVID-19確定病例，均為境外移入；另確診個案中無新增死亡。
2021-09-24,2021-09-24,8,1,0,7,0,發佈日期：2021-09-24 中央流行疫情指揮中心今(24)日公布國內新增8例COVID-19確定病例，分別為1例本土及7例境外移入；另確診個案中無新增死亡。
2021-09-25,2021-09-25,5,0,0,5,0,發佈日期：2021-09-25 中央流行疫情指揮中心今(25)日公布國內新增5例COVID-19確定病例，均為境外移入；另確診個案中無新增死亡。
2021-09-26,2021-09-26,8,0,0,8,0,發佈日期：2021-09-26 中央流行疫情指揮中心今(26)日公布國內新增8例COVID-19確定病例，均為境外移入；另確診個案中無新增死亡。
2021-09-27,2021-09-27,9,0,0,9,1,發佈日期：2021-09-27 中央流行疫情指揮中心今(27)日公布國內新增9例COVID-19確定病例，均為境外移入；另確診個案中新增1例死亡。
2021-09-28,2021-09-28,7,1,0,6,0,發佈日期：2021-09-28 中央流行疫情指揮中心今(28)日公布國內新增7例COVID-19確定病例，分別為1例本土及6例境外移入；另確診個案中無新增死亡。
2021-09-29,2021-09-29,11,1,0,10,0,發佈日期：2021-09-29 中央流行疫情指揮中心今(29)日公布國內新增11例COVID-19確定病例，分別為1例本土及10例境外移入；另確診個案中無新增死亡。
2021-09-30,2021-09-30,7,0,0,7,0,發佈日期：2021-09-30 中央流行疫情指揮中心今(30)日公布國內新增7例COVID-19確定病例，均為境外移入；另確診個案中無新增死亡。
2021-10-01,2021-10-01,11,0,0,11,1,發佈日期：2021-10-01 中央流行疫情指揮中心今(1)日公布國內新增11例COVID-19確定病例，均為境外移入；另確診個案中新增1例死亡。
2021-10-02,2021-10-02,10,0,0,10,0,發佈日期：2021-10-02 中央流行疫情指揮中心今(2)日公布國內新增10例COVID-19確定病例，均為境外移入；另確診個案中無新增死亡。
2021-10-03,2021-10-03,6,0,0,6,0,發佈日期：2021-10-03 中央流行疫情指揮中心今(3)日公布國內新增6例COVID-19確定病例，均為境外移入；另確診個案中無新增死亡。
2021-10-04,2021-10-04,5,0,0,5,1,發佈日期：2021-10-04 中央流行疫情指揮中心今(4)日公布國內新增5例COVID-19確定病例，均為境外移入；另確診個案中新增1例死亡。
2021-10-05,2021-10-05,7,0,0,7,0,發佈日期：2021-10-05 中央流行疫情指揮中心今(5)日公布國內新增7例COVID-19確定病例，均為境外移入；另確診個案中無新增死亡。
2021-10-06,2021-10-06,5,0,0,5,0,發佈日期：2021-10-06 中央流行疫情指揮中心今(6)日公布國內新增5例COVID-19確定病例，均為境外移入；另確診個案中無新增死亡。
2021-10-07,2021-10-07,4,0,0,4,0,發佈日期：2021-10-07 中央流行疫情指揮中心今(7)日公布國內新增4例COVID-19確定病例，均為境外移入；另確診個案中無新增死亡。
2021-10-08,2021-10-08,12,0,0,12,1,發佈日期：2021-10-08 中央流行疫情指揮中心今(8)日公布國內新增12例COVID-19確定病例，均為境外移入；另確診個案中新增1例死亡。
2021-10-09,2021-10-09,4,1,0,3,1,發佈日期：2021-10-09 中央流行疫情指揮中心今(9)日公布國內新增4例COVID-19確定病例，分別為1例本土個案及3例境外移入；另確診個案中新增1例死亡。
2021-10-10,2021-10-10,7,0,0,7,0,發佈日期：2021-10-10 中央流行疫情指揮中心今(10)日公布國內新增7例COVID-19確定病例，均為境外移入；另確診個案中無新增死亡。,https://www.cdc.gov.tw/Bulletin/Detail/SaEEQIsdNhmbmLAFWhZzNA?typeid=9
2021-10-11,2021-10-11,11,1,0,10,0,發佈日期：2021-10-11 中央流行疫情指揮中心今(11)日公布國內新增11例COVID-19確定病例，分別為1例本土個案及10例境外移入；另確診個案中無新增死亡。
2021-10-12,2021-10-12,4,0,0,4,0,發佈日期：2021-10-12 中央流行疫情指揮中心今(12)日公布國內新增4例COVID-19確定病例，均為境外移入；另確診個案中無新增死亡。
2021-10-13,2021-10-13,4,0,0,4,0,發佈日期：2021-10-13 中央流行疫情指揮中心今(13)日公布國內新增4例COVID-19確定病例，均為境外移入；另確診個案中無新增死亡。
2021-10-14,2021-10-14,8,0,0,8,0,發佈日期：2021-10-14 中央流行疫情指揮中心今(14)日公布國內新增8例COVID-19確定病例，均為境外移入；另確診個案中無新增死亡。
2021-10-15,2021-10-15,4,0,0,4,0,發佈日期：2021-10-15 中央流行疫情指揮中心今(15)日公布國內新增4例COVID-19確定病例，均為境外移入；另確診個案中無新增死亡。
2021-10-16,2021-10-16,11,1,0,10,0,發佈日期：2021-10-16 中央流行疫情指揮中心今(16)日公布國內新增11例COVID-19確定病例，分別為1例本土及10例境外移入；另確診個案中無新增死亡。
2021-10-17,2021-10-17,1,0,0,1,0,發佈日期：2021-10-17 中央流行疫情指揮中心今(17)日公布國內新增1例境外移入COVID-19確定病例；另確診個案中無新增死亡。 
2021-10-19,2021-10-19,6,1,0,5,0,發佈日期：2021-10-19 中央流行疫情指揮中心今(19)日公布國內新增6例COVID-19確定病例，分別為1例本土、5例境外移入；另確診個案中無新增死亡。 
2021-10-20,2021-10-20,4,0,0,4,0,發佈日期：2021-10-20 中央流行疫情指揮中心今(20)日公布國內新增4例COVID-19確定病例，均為境外移入；另確診個案中無新增死亡。,https://www.cdc.gov.tw/Bulletin/Detail/5QRtVxVkbaRyRjgiPJu20A?typeid=9
2021-10-21,2021-10-21,2,0,0,2,0,發佈日期：2021-10-21 中央流行疫情指揮中心今(21)日公布國內新增2例境外移入COVID-19確定病例，自美國(案16458)、緬甸(案16459)入境；另確診個案中無新增死亡。 ,https://www.cdc.gov.tw/Bulletin/Detail/1K900A2vlHBKK0N5YucKQQ?typeid=9
2021-10-22,2021-10-22,8,2,0,6,0,發佈日期：2021-10-22 中央流行疫情指揮中心今(22)日公布國內新增8例COVID-19確定病例，分別為2例本土個案及6例境外移入；另確診個案中無新增死亡。
2021-10-23,2021-10-23,7,0,0,7,0,發佈日期：2021-10-23 中央流行疫情指揮中心今(23)日公布國內新增7例COVID-19確定病例，均為境外移入；另確診個案中無新增死亡。
2021-10-24,2021-10-24,4,0,0,4,0,發佈日期：2021-10-24 中央流行疫情指揮中心今(24)日公布國內新增4例COVID-19確定病例，均為境外移入；另確診個案中無新增死亡。
2021-10-25,2021-10-25,8,2,0,6,1,發佈日期：2021-10-25 中央流行疫情指揮中心今(25)日公布國內新增8例COVID-19確定病例，分別為2例本土、6例境外移入；另確診個案中新增1例死亡。
2021-10-26,2021-10-26,4,0,0,4,0,發佈日期：2021-10-26 中央流行疫情指揮中心今(26)日公布國內新增4例COVID-19確定病例，均為境外移入；另確診個案中無新增死亡。
2021-10-27,2021-10-27,8,0,0,8,0,發佈日期：2021-10-27 中央流行疫情指揮中心今(27)日公布國內新增8例COVID-19確定病例，均為境外移入；另確診個案中無新增死亡。
2021-10-28,2021-10-28,6,0,0,6,0,發佈日期：2021-10-28 中央流行疫情指揮中心今(28)日公布國內新增6例COVID-19確定病例，均為境外移入；另確診個案中無新增死亡。
2021-10-29,2021-10-29,5,0,0,5,0,發佈日期：2021-10-29 中央流行疫情指揮中心今(29)日公布國內新增5例COVID-19確定病例，均為境外移入；另確診個案中無新增死亡。
2021-10-30,2021-10-30,7,0,0,7,0,發佈日期：2021-10-30 中央流行疫情指揮中心今(30)日公布國內新增7例COVID-19確定病例，均為境外移入；另確診個案中無新增死亡。
2021-10-31,2021-10-31,6,0,0,6,0,發佈日期：2021-10-31 中央流行疫情指揮中心今(31)日公布國內新增6例COVID-19確定病例，均為境外移入；另確診個案中無新增死亡。
2021-11-01,2021-11-01,5,0,0,5,0,發佈日期：2021-11-01 中央流行疫情指揮中心今(1)日公布國內新增5例COVID-19確定病例，均為境外移入；另確診個案中無新增死亡。
2021-11-02,2021-11-02,4,0,0,4,0,發佈日期：2021-11-02 中央流行疫情指揮中心今(2)日公布國內新增4例COVID-19確定病例，均為境外移入；另確診個案中無新增死亡。
2021-11-03,2021-11-03,7,0,0,7,0,發佈日期：2021-11-03 中央流行疫情指揮中心今(3)日公布國內新增7例COVID-19確定病例，均為境外移入；另確診個案中無新增死亡。
2021-11-04,2021-11-04,2,1,0,1,0,發佈日期：2021-11-04 中央流行疫情指揮中心今(4)日公布國內新增2例COVID-19確定病例，分別為1例本土個案及1例境外移入；另確診個案中無新增死亡。
2021-11-05,2021-11-05,7,1,0,6,0,發佈日期：2021-11-05 中央流行疫情指揮中心今(5)日公布國內新增7例COVID-19確定病例，分別為1例本土個案及6例境外移入；另確診個案中無新增死亡。
2021-11-06,2021-11-06,2,0,0,2,0,發佈日期：2021-11-06 中央流行疫情指揮中心今(6)日公布國內新增2例COVID-19境外移入確定病例；另確診個案中無新增死亡。,https://www.cdc.gov.tw/Bulletin/Detail/ZTMhGgQN9WgflbF5Bt8FYQ?typeid=9
2021-11-07,2021-11-07,4,0,0,4,0,發佈日期：2021-11-07 中央流行疫情指揮中心今(7)日公布國內新增4例COVID-19境外移入確定病例；另確診個案中無新增死亡。,https://www.cdc.gov.tw/Bulletin/Detail/5NsxVKHcrJSa_WIK36oWPw?typeid=9
2021-11-08,2021-11-08,3,0,0,3,0,發佈日期：2021-11-08 中央流行疫情指揮中心今(8)日公布國內新增3例COVID-19境外移入確定病例；另確診個案中無新增死亡。,https://www.cdc.gov.tw/Bulletin/Detail/Y7IxkM6KGVLWpyLFzogV7Q?typeid=9
2021-11-09,2021-11-09,6,0,0,6,1,發佈日期：2021-11-09 中央流行疫情指揮中心今(9)日公布國內新增6例COVID-19境外移入確定病例；另確診個案中新增1例死亡。,https://www.cdc.gov.tw/Bulletin/Detail/HvKi4gbPrFOU4dRioTHCnA?typeid=9
2021-11-10,2021-11-10,5,0,0,5,0,發佈日期：2021-11-10 中央流行疫情指揮中心今(10)日公布國內新增5例COVID-19境外移入確定病例；另確診個案中無新增死亡。,https://www.cdc.gov.tw/Bulletin/Detail/boDz9Vy1yYA66D-vogZIfA?typeid=9
2021-11-11,2021-11-11,9,0,0,9,0,發佈日期：2021-11-11 中央流行疫情指揮中心今(11)日公布國內新增9例COVID-19確定病例，均為境外移入；另確診個案中無新增死亡。,https://www.cdc.gov.tw/Bulletin/Detail/Bz9toKxljqj6Um8uzHXgfw?typeid=9
2021-11-12,2021-11-12,10,0,0,10,0,發佈日期：2021-11-12 中央流行疫情指揮中心今(12)日公布國內新增10例COVID-19確定病例，均為境外移入；另確診個案中無新增死亡。,https://www.cdc.gov.tw/Bulletin/Detail/i4tBoGxONGJsZZ-YJq-l7A?typeid=9
2021-11-13,2021-11-13,4,0,0,4,0,發佈日期：2021-11-13 中央流行疫情指揮中心今(13)日公布國內新增4例COVID-19確定病例，均為境外移入；另確診個案中無新增死亡。,https://www.cdc.gov.tw/Bulletin/Detail/hf2cHSSfcVQqDCdK-XgnQA?typeid=9
2021-11-14,2021-11-14,8,0,0,8,0,發佈日期：2021-11-14 中央流行疫情指揮中心今(14)日公布國內新增8例COVID-19確定病例，均為境外移入；另確診個案中無新增死亡。,https://www.cdc.gov.tw/Bulletin/Detail/ZvwbjrNCdxAFdLYGLdouhw?typeid=9
2021-11-15,2021-11-15,9,0,0,9,0,發佈日期：2021-11-15 中央流行疫情指揮中心今(15)日公布國內新增9例COVID-19確定病例，均為境外移入；另確診個案中無新增死亡。,https://www.cdc.gov.tw/Bulletin/Detail/2SDmxu_mnbybY1b5n-xmEg?typeid=9
2021-11-16,2021-11-16,2,0,0,2,0,發佈日期：2021-11-16 中央流行疫情指揮中心今(16)日公布國內新增2例COVID-19境外移入確定病例；另確診個案中無新增死亡。,https://www.cdc.gov.tw/Bulletin/Detail/J41JJ6dzZfqy1ZYVDqEwvQ?typeid=9
2021-11-17,2021-11-17,5,0,0,5,0,發佈日期：2021-11-17 中央流行疫情指揮中心今(17)日公布國內新增5例COVID-19確定病例，均為境外移入；另確診個案中無新增死亡。,https://www.cdc.gov.tw/Bulletin/Detail/Ak6ZsUM4a7-N-UI_lHX14A?typeid=9
2021-11-18,2021-11-18,3,0,0,3,0,發佈日期：2021-11-18 中央流行疫情指揮中心今(18)日公布國內新增3例COVID-19確定病例，均為境外移入；另確診個案中無新增死亡。,https://www.cdc.gov.tw/Bulletin/Detail/EtHTzzdCFfoR-66C-ItUoQ?typeid=9
2021-11-19,2021-11-19,10,0,0,10,0,發佈日期：2021-11-19 中央流行疫情指揮中心今(19)日公布國內新增10例COVID-19境外移入確定病例；另確診個案中無新增死亡。,https://www.cdc.gov.tw/Bulletin/Detail/tFySUoiCnd9HG9qnBHndRw?typeid=9
2021-11-21,2021-11-21,9,0,0,9,0,發佈日期：2021-11-21 中央流行疫情指揮中心今(21)日公布國內新增9例COVID-19境外移入確定病例；另確診個案中無新增死亡。,https://www.cdc.gov.tw/Bulletin/Detail/ieTDWsiSNwE9NY2TRZzKvw?typeid=9
2021-11-22,2021-11-22,3,0,0,3,0,發佈日期：2021-11-22 中央流行疫情指揮中心今(22)日公布國內新增3例COVID-19境外移入確定病例；另確診個案中無新增死亡。,https://www.cdc.gov.tw/Bulletin/Detail/7qupV9kyYlkuk37zwg0mLg?typeid=9
2021-11-23,2021-11-23,7,0,0,7,0,發佈日期：2021-11-23 中央流行疫情指揮中心今(23)日公布國內新增7例COVID-19境外移入確定病例；另確診個案中無新增死亡。,https://www.cdc.gov.tw/Bulletin/Detail/OGUtDMOpS5rTUAYpIm6kVw?typeid=9
2021-11-24,2021-11-24,5,0,0,5,0,發佈日期：2021-11-24 中央流行疫情指揮中心今(24)日公布國內新增5例COVID-19境外移入確定病例；另確診個案中無新增死亡。,https://www.cdc.gov.tw/Bulletin/Detail/v91dh_siOb-jL1BTtM81YA?typeid=9
2021-11-25,2021-11-25,10,0,0,10,0,發佈日期：2021-11-25 中央流行疫情指揮中心今(25)日公布國內新增10例COVID-19境外移入確定病例；另確診個案中無新增死亡。,https://www.cdc.gov.tw/Bulletin/Detail/1WLl7HD9AYA6QZmTAf-qjg?typeid=9
2021-11-26,2021-11-26,12,0,0,12,0,發佈日期：2021-11-26 中央流行疫情指揮中心今(26)日公布國內新增12例COVID-19境外移入確定病例；另確診個案中無新增死亡。,https://www.cdc.gov.tw/Bulletin/Detail/HmvNzwP3vf9nQ5sY1ytBGQ?typeid=9
2021-11-27,2021-11-27,12,0,0,12,0,發佈日期：2021-11-27 中央流行疫情指揮中心今(27)日公布國內新增12例COVID-19境外移入確定病例；另確診個案中無新增死亡。,https://www.cdc.gov.tw/Bulletin/Detail/l5TWIq4FmR_R3yAuW40-iA?typeid=9
2021-11-28,2021-11-28,10,0,0,10,0,發佈日期：2021-11-28 中央流行疫情指揮中心今(28)日公布國內新增10例COVID-19境外移入確定病例；另確診個案中無新增死亡。,https://www.cdc.gov.tw/Bulletin/Detail/ANy77Zi3gOROMqIijYiUbQ?typeid=9
2021-11-29,2021-11-29,8,0,0,8,0,發佈日期：2021-11-29 中央流行疫情指揮中心今(29)日公布國內新增8例COVID-19境外移入確定病例；另確診個案中無新增死亡。,https://www.cdc.gov.tw/Bulletin/Detail/HWZBo7OcNi_zzoXb5_g2SA?typeid=9
2021-11-30,2021-11-30,5,0,0,5,0,發佈日期：2021-11-30 中央流行疫情指揮中心今(30)日公布國內新增5例COVID-19境外移入確定病例；另確診個案中無新增死亡。,https://www.cdc.gov.tw/Bulletin/Detail/K4mTgO4hBZ97ER1dRHGqxQ?typeid=9
2021-12-01,2021-12-01,8,0,0,8,0,發佈日期：2021-12-01 中央流行疫情指揮中心今(1)日公布國內新增8例COVID-19境外移入確定病例；另確診個案中無新增死亡。,https://www.cdc.gov.tw/Bulletin/Detail/GrUNWEYBePWBA55X5f08Fg?typeid=9
2021-12-02,2021-12-02,17,0,0,17,0,發佈日期：2021-12-02 中央流行疫情指揮中心今(2)日公布國內新增17例COVID-19境外移入確定病例；另確診個案中無新增死亡。,https://www.cdc.gov.tw/Bulletin/Detail/i5iLfuIL1cXQKu6XTJdcKA?typeid=9
2021-12-03,2021-12-03,11,0,0,11,0,發佈日期：2021-12-03 中央流行疫情指揮中心今(3)日公布國內新增11例COVID-19境外移入確定病例；另確診個案中無新增死亡。,https://www.cdc.gov.tw/Bulletin/Detail/Np-A0yrPBcpPrd8Kd2z18A?typeid=9
2021-12-04,2021-12-04,11,0,0,11,0,發佈日期：2021-12-04 中央流行疫情指揮中心今(4)日公布國內新增11例COVID-19境外移入確定病例；另確診個案中無新增死亡。,https://www.cdc.gov.tw/Bulletin/Detail/j64gUcFiy8FFvnjgoM5oyw?typeid=9
2021-12-05,2021-12-05,4,0,0,4,0,發佈日期：2021-12-05 中央流行疫情指揮中心今(5)日公布國內新增4例COVID-19境外移入確定病例；另確診個案中無新增死亡。,https://www.cdc.gov.tw/Bulletin/Detail/QyP53F_Wz5w2aH-FyMZoYA?typeid=9
2021-12-06,2021-12-06,10,0,0,10,0,發佈日期：2021-12-06 中央流行疫情指揮中心今(6)日公布國內新增10例COVID-19境外移入確定病例；另確診個案中無新增死亡。,https://www.cdc.gov.tw/Bulletin/Detail/XIxEY8HS7u87sxrY5rsZcw?typeid=9
2021-12-07,2021-12-07,21,0,0,21,0,發佈日期：2021-12-07 中央流行疫情指揮中心今(7)日公布國內新增21例COVID-19境外移入確定病例；另確診個案中無新增死亡。,https://www.cdc.gov.tw/Bulletin/Detail/DkHH9jmlqsuArel0Ge54ig?typeid=9
2021-12-08,2021-12-08,5,0,0,5,0,發佈日期：2021-12-08 中央流行疫情指揮中心今(8)日公布國內新增5例COVID-19境外移入確定病例；另確診個案中無新增死亡。,https://www.cdc.gov.tw/Bulletin/Detail/Cw2WizvTzxs1dNf94r8Fnw?typeid=9
2021-12-09,2021-12-09,16,0,0,16,0,發佈日期：2021-12-09 中央流行疫情指揮中心今(9)日公布國內新增16例COVID-19境外移入確定病例；另確診個案中無新增死亡。,https://www.cdc.gov.tw/Bulletin/Detail/M6sT3rx4Rd7QcDxcnCG8ow?typeid=9
